location_id,name,locality,latitude,longitude,sensor_ids,parameters,is_mobile,is_monitor,provider,city
13,"Delhi Technological University, Delhi - CPCB",,28.744,77.12,"[13866, 24, 13864]","['no2', 'o3', 'pm25']",False,True,CPCB,Delhi
17,"R K Puram, Delhi - DPCC",,28.563262,77.186937,"[392, 12234782, 12234783, 12234784, 36, 14340713, 394, 12234785, 399, 12234786, 12234787, 35, 12234788, 12234789, 393, 12234790, 14340714, 14340715]","['co', 'co', 'no', 'no2', 'no2', 'nox', 'o3', 'o3', 'pm10', 'pm10', 'pm25', 'pm25', 'relativehumidity', 'so2', 'so2', 'temperature', 'wind_direction', 'wind_speed']",False,True,CPCB,Delhi
50,"Punjabi Bagh, Delhi - DPCC",,28.674045,77.131023,"[398, 12234791, 12234792, 400, 12234793, 14340716, 12234794, 71, 395, 12234795, 12234796, 396, 12234797, 12234798, 397, 12234799, 14340717, 14340718]","['co', 'co', 'no', 'no2', 'no2', 'nox', 'o3', 'o3', 'pm10', 'pm10', 'pm25', 'pm25', 'relativehumidity', 'so2', 'so2', 'temperature', 'wind_direction', 'wind_speed']",False,True,CPCB,Delhi
103,"Income Tax Office, Delhi - CPCB",,28.6235,77.2494,"[169, 13863, 168, 13862, 13861]","['co', 'no2', 'o3', 'pm10', 'pm25']",False,True,CPCB,Delhi
235,"Anand Vihar, New Delhi - DPCC",,28.646835,77.316032,"[385, 12235605, 12235606, 12235607, 382, 14340864, 380, 12235608, 12235609, 381, 12235610, 384, 12235611, 383, 12235612, 12235613, 14340865, 14340866]","['co', 'co', 'no', 'no2', 'no2', 'nox', 'o3', 'o3', 'pm10', 'pm10', 'pm25', 'pm25', 'relativehumidity', 'so2', 'so2', 'temperature', 'wind_direction', 'wind_speed']",False,True,CPCB,Delhi
236,"Mandir Marg, Delhi - DPCC",,28.6341,77.2005,"[386, 389, 390, 391, 388, 387]","['co', 'no2', 'o3', 'pm10', 'pm25', 'so2']",False,True,CPCB,Delhi
412,"Peenya, Bengaluru - KSPCB",,13.0339,77.51321111,"[722, 1518, 13852, 13853]","['co', 'no2', 'pm25', 'so2']",False,True,CPCB,Bengaluru
431,"IHBAS, Delhi - CPCB",,28.6821,77.305,"[5361, 747, 13868, 13867]","['co', 'no2', 'pm25', 'so2']",False,True,CPCB,Delhi
594,"BTM Layout, Bengaluru - KSPCB",,12.912811110000002,77.60921944,"[1048, 1427, 4886, 13836, 13837]","['co', 'no2', 'o3', 'pm25', 'so2']",False,True,CPCB,Bengaluru
716,"Rabindra Bharati University, Kolkata - WBSPCB",,22.627875,88.3804,"[5504, 5505, 5502, 5503, 1242, 1241]","['co', 'no2', 'o3', 'pm10', 'pm25', 'so2']",False,True,CPCB,Kolkata
2456,"Talkatora District Industries Center, Lucknow - CPCB",,26.83399722,80.8917361,"[12235569, 4712, 12235570, 12235571, 5231, 14341863, 12235572, 36695, 12235573, 36696, 14237, 12235574, 12235575, 14238, 12235576, 12235577, 14341864, 14341865]","['co', 'co', 'no', 'no2', 'no2', 'nox', 'o3', 'o3', 'pm10', 'pm10', 'pm25', 'pm25', 'relativehumidity', 'so2', 'so2', 'temperature', 'wind_direction', 'wind_speed']",False,True,CPCB,Lucknow
2460,US Diplomatic Post: Kolkata,,22.547142,88.351048,[4724],['pm25'],False,True,StateAir Kolkata,Kolkata
2461,US Diplomatic Post: Chennai,,13.052371,80.251932,[4725],['pm25'],False,True,StateAir Chennai,Chennai
2503,"Shadipur, Delhi - CPCB",,28.6517,77.1581,"[4851, 4852, 4853, 13860, 13859]","['co', 'no2', 'o3', 'pm25', 'so2']",False,True,CPCB,Delhi
2586,"Manali, Chennai - CPCB",,13.164544,80.26285,"[5339, 12235648, 12235649, 5340, 12235650, 14340870, 1305375, 12235651, 12235652, 1305374, 14319, 12235653, 12235654, 14311, 12235655, 12235656, 14340871, 14340872]","['co', 'co', 'no', 'no2', 'no2', 'nox', 'o3', 'o3', 'pm10', 'pm10', 'pm25', 'pm25', 'relativehumidity', 'so2', 'so2', 'temperature', 'wind_direction', 'wind_speed']",False,True,CPCB,Chennai
2592,"BWSSB Kadabesanahalli, Bengaluru - KSPCB",,12.93890556,77.69727222,"[5381, 5380, 5375, 13898, 13888]","['co', 'no2', 'o3', 'pm25', 'so2']",False,True,CPCB,Bengaluru
2593,IGSC Planetarium Complex - Patna - BSPCB,,25.3636,85.0755,"[5383, 5386, 5384, 5385, 14315]","['co', 'no2', 'o3', 'pm25', 'so2']",False,True,CPCB,Patna
2597,US Diplomatic Post: New Delhi,,28.598096,77.189066,[5398],['pm25'],False,True,StateAir NewDelhi,Delhi
2598,Navi Mumbai Municipal Corporation Airoli,,19.1494,72.9986,"[5400, 5408, 5404, 13523]","['co', 'pm10', 'pm25', 'so2']",False,True,CPCB,Mumbai
5404,"Pusa, Delhi - IMD",,28.639645,77.146263,"[14086, 12234697, 12234698, 14084, 12234699, 14340700, 12234700, 12234701, 14085, 14087, 12234702]","['co', 'co', 'no', 'no2', 'no2', 'nox', 'o3', 'pm10', 'pm10', 'pm25', 'pm25']",False,True,CPCB,Delhi
5509,"Anand Vihar, Delhi - DPCC",,28.647622,77.315809,"[14519, 14523, 14524, 14522, 14521, 14520]","['co', 'no2', 'o3', 'pm10', 'pm25', 'so2']",False,True,caaqm,Delhi
5540,"Punjabi Bagh, Delhi - DPCC",,28.6670856,77.1301247,"[14616, 14613, 14614, 14612, 14617, 14615]","['co', 'no2', 'o3', 'pm10', 'pm25', 'so2']",False,True,caaqm,Delhi
5541,"Burari Crossing, New Delhi - IMD",,28.7256504,77.2011573,"[14958, 12234679, 12234680, 14936, 12234681, 14340697, 12234682, 14931, 14620, 12234683, 14912, 12234684]","['co', 'co', 'no', 'no2', 'no2', 'nox', 'o3', 'o3', 'pm10', 'pm10', 'pm25', 'pm25']",False,True,CPCB,Delhi
5547,"BWSSB Kadabesanahalli, Bengaluru - CPCB",,12.9352049,77.6814488,"[14637, 14636, 14640, 1303004, 14641, 14634]","['co', 'no2', 'o3', 'pm10', 'pm25', 'so2']",False,True,caaqm,Bengaluru
5548,"BTM Layout, Bengaluru - CPCB",,12.9135218,77.5950804,"[14657, 12235356, 12235357, 12235358, 14639, 14341816, 12235359, 14658, 12235360, 1305377, 14635, 12235361, 12235362, 12235363, 14642, 12235364, 14341817, 14341818]","['co', 'co', 'no', 'no2', 'no2', 'nox', 'o3', 'o3', 'pm10', 'pm10', 'pm25', 'pm25', 'relativehumidity', 'so2', 'so2', 'temperature', 'wind_direction', 'wind_speed']",False,True,CPCB,Bengaluru
5558,"Alandur Bus Depot, Chennai - CPCB",,12.909916100000002,80.1076538,"[14690, 14681, 14689, 1305373, 14680, 14682]","['co', 'no2', 'o3', 'pm10', 'pm25', 'so2']",False,True,caaqm,Chennai
5570,"Aya Nagar, New Delhi - IMD",,28.474261,77.131606,"[15010, 12234703, 12234704, 12234705, 15019, 14340701, 12234706, 15021, 12234707, 15027, 14717, 12234708]","['co', 'co', 'no', 'no2', 'no2', 'nox', 'o3', 'o3', 'pm10', 'pm10', 'pm25', 'pm25']",False,True,CPCB,Delhi
5574,"City Railway Station, Bengaluru - KSPCB",,12.9756843,77.5660749,"[14779, 12235374, 12235375, 12235376, 14773, 14340832, 14775, 12235377, 14732, 12235378]","['co', 'co', 'no', 'no2', 'no2', 'nox', 'pm10', 'pm10', 'so2', 'so2']",False,True,CPCB,Bengaluru
5581,"Pusa, New Delhi - IMD",,28.610304,77.0996943,"[15266, 14800, 14752, 14851, 14853]","['co', 'no2', 'o3', 'pm10', 'pm25']",False,True,caaqm,Delhi
5586,"Sirifort, Delhi - CPCB",,28.5504249,77.2159377,"[12234764, 12234765, 12234766, 14340707, 12234767, 12234768, 12234769, 12234770, 12234771, 12234772, 14340708, 14340709]","['co', 'no', 'no2', 'nox', 'o3', 'pm10', 'pm25', 'relativehumidity', 'so2', 'temperature', 'wind_direction', 'wind_speed']",False,True,CPCB,Delhi
5604,"Nishant Ganj, Lucknow - UPPCB",,26.871428,80.957145,"[14896, 15139, 15078, 14845, 14880]","['co', 'no2', 'o3', 'pm25', 'so2']",False,True,caaqm,Lucknow
5607,"Peenya, Bengaluru - CPCB",,13.0270199,77.494094,"[12235365, 15270, 12235366, 14850, 12235367, 14340829, 40537, 12235368, 1303005, 12235369, 12235370, 14859, 12235371, 12235372, 14862, 12235373, 14340830, 14340831]","['co', 'co', 'no', 'no2', 'no2', 'nox', 'o3', 'o3', 'pm10', 'pm10', 'pm25', 'pm25', 'relativehumidity', 'so2', 'so2', 'temperature', 'wind_direction', 'wind_speed']",False,True,CPCB,Bengaluru
5610,"North Campus, DU, Delhi - IMD",,28.6573814,77.1585447,"[14909, 12234685, 12234686, 14902, 12234687, 14340698, 14889, 12234688, 2007703, 14886, 12234689, 12234690, 14860]","['co', 'co', 'no', 'no2', 'no2', 'nox', 'o3', 'o3', 'o3', 'pm10', 'pm10', 'pm25', 'pm25']",False,True,CPCB,Delhi
5613,"ITO, New Delhi - CPCB",,28.628624,77.24106,"[12234748, 17782, 12234749, 14866, 12234750, 14341687, 12234751, 17785, 12234752, 14869, 12234753, 14878, 17781, 12234754]","['co', 'co', 'no', 'no2', 'no2', 'nox', 'o3', 'o3', 'pm10', 'pm10', 'pm25', 'pm25', 'so2', 'so2']",False,True,CPCB,Delhi
5622,"NSIT Dwarka, Delhi - CPCB",,28.60909,77.0325413,"[14916, 12234739, 12234740, 14919, 12234741, 14341688, 14920, 12234742, 34957, 12234743, 14922, 12234744, 12234745, 14923, 12234746, 12234747, 14341690, 14341692]","['co', 'co', 'no', 'no2', 'no2', 'nox', 'o3', 'o3', 'pm10', 'pm10', 'pm25', 'pm25', 'relativehumidity', 'so2', 'so2', 'temperature', 'wind_direction', 'wind_speed']",False,True,CPCB,Delhi
5626,"DTU, New Delhi - CPCB",,28.7500499,77.1112615,"[12234755, 14933, 12234756, 14941, 12234757, 14340704, 12234758, 14949, 12234759, 14974, 12234760, 14985, 12234761, 12234762, 17766, 12234763, 14340705, 14340706]","['co', 'co', 'no', 'no2', 'no2', 'nox', 'o3', 'o3', 'pm10', 'pm10', 'pm25', 'pm25', 'relativehumidity', 'so2', 'so2', 'temperature', 'wind_direction', 'wind_speed']",False,True,CPCB,Delhi
5627,"CRRI Mathura Road, New Delhi - IMD",,28.5512005,77.2735737,"[15098, 12234673, 12234674, 12234675, 15082, 14340696, 15063, 12234676, 14946, 12234677, 12234678, 14935]","['co', 'co', 'no', 'no2', 'no2', 'nox', 'o3', 'o3', 'pm10', 'pm10', 'pm25', 'pm25']",False,True,CPCB,Delhi
5628,"GVM Corporation, Visakhapatnam - APPCB",,17.722682,83.308197,"[14969, 12235455, 12235456, 12235457, 14957, 14340842, 14950, 12235458, 14947, 12235459, 12235460, 14944, 12235461, 12235462, 14939, 12235463, 14340843, 14340844]","['co', 'co', 'no', 'no2', 'no2', 'nox', 'o3', 'o3', 'pm10', 'pm10', 'pm25', 'pm25', 'relativehumidity', 'so2', 'so2', 'temperature', 'wind_direction', 'wind_speed']",False,True,CPCB,Patna
5630,"Shadipur, Delhi - CPCB",,28.6514781,77.1473105,"[15119, 12234721, 12234722, 15053, 12234723, 14341721, 15011, 12234724, 12234725, 36210, 14959, 12234726, 12234727, 12234728, 14952, 12234729, 14341722, 14341723]","['co', 'co', 'no', 'no2', 'no2', 'nox', 'o3', 'o3', 'pm10', 'pm10', 'pm25', 'pm25', 'relativehumidity', 'so2', 'so2', 'temperature', 'wind_direction', 'wind_speed']",False,True,CPCB,Delhi
5634,"Lodhi Road, New Delhi - IMD",,28.5918245,77.2273074,"[14978, 12234709, 12234710, 12234711, 14980, 14340702, 14981, 12234712, 14983, 12234713, 12234714, 14984]","['co', 'co', 'no', 'no2', 'no2', 'nox', 'o3', 'o3', 'pm10', 'pm10', 'pm25', 'pm25']",False,True,CPCB,Delhi
5639,"R K Puram, New Delhi - DPCC",,28.5646102,77.1670103,"[15008, 15030, 15042, 15059, 15071, 15092]","['co', 'no2', 'o3', 'pm10', 'pm25', 'so2']",False,True,caaqm,Delhi
5641,"Mandir Marg, New Delhi - DPCC",,28.6372688,77.2005604,"[15028, 15025, 15023, 15022, 15014, 15013]","['co', 'no2', 'o3', 'pm10', 'pm25', 'so2']",False,True,caaqm,Delhi
5644,"Sanegurava Halli, Bengaluru - KSPCB",,12.990328,77.5431385,"[12235379, 15039, 12235380, 12235381, 15035, 14341819, 12235382, 15033, 12235383, 15032, 12235384, 12235385, 14341820, 14341821]","['co', 'co', 'no', 'no2', 'no2', 'nox', 'pm10', 'pm10', 'relativehumidity', 'so2', 'so2', 'temperature', 'wind_direction', 'wind_speed']",False,True,CPCB,Bengaluru
5650,"IGI Airport (T3), Delhi - IMD",,28.5627763,77.1180053,"[12234691, 12234692, 12234693, 14340699, 12234694, 12234695, 12234696]","['co', 'no', 'no2', 'nox', 'o3', 'pm10', 'pm25']",False,True,CPCB,Delhi
5652,"IGSC Planetarium Complex, Patna - BSPCB",,25.5941,85.1376,"[12235333, 15084, 12235334, 12235335, 15085, 14340820, 12235336, 15086, 15087, 12235337, 12235338, 15089, 12235339, 12235340, 14340821, 14340822]","['co', 'co', 'no', 'no2', 'no2', 'nox', 'o3', 'o3', 'pm25', 'pm25', 'relativehumidity', 'so2', 'so2', 'temperature', 'wind_direction', 'wind_speed']",False,True,CPCB,Patna
5655,"Velachery Res. Area, Chennai - CPCB",,13.0052189,80.2398125,"[15110, 12235526, 12235527, 12235528, 15117, 14340852, 12235529, 15132, 1305376, 12235530, 12235531, 15136, 12235532, 15138, 12235533, 12235534, 14340853, 14340854]","['co', 'co', 'no', 'no2', 'no2', 'nox', 'o3', 'o3', 'pm10', 'pm10', 'pm25', 'pm25', 'relativehumidity', 'so2', 'so2', 'temperature', 'wind_direction', 'wind_speed']",False,True,CPCB,Chennai
5657,"Central School, Lucknow - CPCB",,26.8821003,80.9302753,"[15129, 15130, 15135, 34959, 15172, 15181]","['co', 'no2', 'o3', 'pm10', 'pm25', 'so2']",False,True,caaqm,Lucknow
5659,"Lalbagh, Lucknow - CPCB",,26.8458805,80.9365541,"[15151, 12235517, 12235518, 12235519, 15149, 14341851, 12235520, 15148, 36168, 12235521, 15143, 12235522, 12235523, 15142, 12235524, 12235525, 14341852, 14341853]","['co', 'co', 'no', 'no2', 'no2', 'nox', 'o3', 'o3', 'pm10', 'pm10', 'pm25', 'pm25', 'relativehumidity', 'so2', 'so2', 'temperature', 'wind_direction', 'wind_speed']",False,True,CPCB,Lucknow
5742,"Patparganj, Delhi - DPCC",,28.6310495,77.2846218,"[15498, 15500, 15628, 15629, 15499]","['no2', 'o3', 'pm10', 'pm25', 'so2']",False,True,caaqm,Delhi
5743,"Rohini, Delhi - DPCC",,28.7407056,77.0577492,"[15503, 15508, 15506, 15622, 15618, 15504]","['co', 'no2', 'o3', 'pm10', 'pm25', 'so2']",False,True,caaqm,Delhi
5744,"Dr. Karni Singh Shooting Range, Delhi - DPCC",,28.4997315,77.2649067,"[15510, 15505, 15507, 15588, 15589, 15509]","['co', 'no2', 'o3', 'pm10', 'pm25', 'so2']",False,True,caaqm,Delhi
5753,"Vivek Vihar, Delhi - DPCC",,28.6687803,77.3130982,"[15545, 15544, 15543, 15615, 15604, 15546]","['co', 'no2', 'o3', 'pm10', 'pm25', 'so2']",False,True,caaqm,Delhi
5754,"Jawaharlal Nehru Stadium, Delhi - DPCC",,28.5828503,77.2321778,"[15548, 15547, 15550, 15619, 15620, 15552]","['co', 'no2', 'o3', 'pm10', 'pm25', 'so2']",False,True,caaqm,Delhi
5755,"Major Dhyan Chand National Stadium, Delhi - DPCC",,28.6125027,77.2351994,"[15582, 15574, 15586, 15549, 15551, 15587]","['co', 'no2', 'o3', 'pm10', 'pm25', 'so2']",False,True,caaqm,Delhi
5759,"Sonia Vihar, Delhi - DPCC",,28.67795,77.29868,"[15568, 15567, 15566, 15591, 15595, 15565]","['co', 'no2', 'o3', 'pm10', 'pm25', 'so2']",False,True,caaqm,Delhi
5760,"Dwarka-Sector 8, Delhi - DPCC ",,28.5206826,76.8023871,"[15594, 15593, 15592, 15569, 15570, 15590]","['co', 'no2', 'o3', 'pm10', 'pm25', 'so2']",False,True,caaqm,Delhi
5761,"Jahangirpuri, Delhi - DPCC",,28.7258373,77.1605631,"[15578, 15572, 15577, 15623, 15621, 15585]","['co', 'no2', 'o3', 'pm10', 'pm25', 'so2']",False,True,caaqm,Delhi
5762,"Ashok Vihar, Delhi - DPCC",,28.6957202,77.1812947,"[15583, 15584, 15573, 15605, 15602, 15579]","['co', 'no2', 'o3', 'pm10', 'pm25', 'so2']",False,True,caaqm,Delhi
5763,"Narela, Delhi - DPCC",,28.8446874,77.0332666,"[15576, 15581, 15580, 15609, 15606, 15575]","['co', 'no2', 'o3', 'pm10', 'pm25', 'so2']",False,True,caaqm,Delhi
5765,"Okhla Phase-2, Delhi - DPCC",,28.5366411,77.2664587,"[15597, 15600, 15598, 15624, 15627, 15599]","['co', 'no2', 'o3', 'pm10', 'pm25', 'so2']",False,True,caaqm,Delhi
5766,"Nehru Nagar, Delhi - DPCC",,28.5639543,77.2587868,"[15607, 15612, 15616, 15625, 15626, 15608]","['co', 'no2', 'o3', 'pm10', 'pm25', 'so2']",False,True,caaqm,Delhi
6310,"Rabindra Bharati University, Kolkata - WBPCB",,22.5824635,88.35724470000001,"[17541, 17543, 17544, 17540, 1715600, 17542]","['co', 'no2', 'o3', 'pm10', 'pm25', 'so2']",False,True,data.gov.in,Kolkata
6356,"Pusa, Delhi - DPCC",,28.639645,77.146262,"[12235316, 12235317, 12235318, 14340817, 12235319, 12235320, 12235321, 12235322, 12235323, 12235324, 14340818, 14340819]","['co', 'no', 'no2', 'nox', 'o3', 'pm10', 'pm25', 'relativehumidity', 'so2', 'temperature', 'wind_direction', 'wind_speed']",False,True,CPCB,Delhi
6357,"Punjabi Bagh, Delhi - DPCC",,28.674045000000003,77.13102300000001,"[17769, 17771, 17774, 17768, 17776, 17778]","['co', 'no2', 'o3', 'pm10', 'pm25', 'so2']",False,True,caaqm,Delhi
6358,"Mandir Marg, New Delhi - DPCC",,28.636429,77.201067,"[17772, 12234773, 12234774, 17773, 12234775, 14340710, 17777, 12234776, 12234777, 17775, 12234778, 17770, 12234779, 17779, 12234780, 12234781, 14340711, 14340712]","['co', 'co', 'no', 'no2', 'no2', 'nox', 'o3', 'o3', 'pm10', 'pm10', 'pm25', 'pm25', 'relativehumidity', 'so2', 'so2', 'temperature', 'wind_direction', 'wind_speed']",False,True,CPCB,Delhi
6359,"IHBAS, Dilshad Garden,New Delhi - CPCB",,28.6811736,77.3025234,"[17792, 12234730, 12234731, 17791, 12234732, 14341689, 36058, 12234733, 36050, 12234734, 17790, 12234735, 12234736, 17780, 12234737, 12234738, 14341691, 14341693]","['co', 'co', 'no', 'no2', 'no2', 'nox', 'o3', 'o3', 'pm10', 'pm10', 'pm25', 'pm25', 'relativehumidity', 'so2', 'so2', 'temperature', 'wind_direction', 'wind_speed']",False,True,CPCB,Delhi
6920,"Manali Village, Chennai - TNPCB",,11.258244,77.552429,"[19869, 19868, 19867, 19871, 19870, 19872]","['co', 'no2', 'o3', 'pm10', 'pm25', 'so2']",False,True,caaqm,Chennai
6927,"Colaba, Mumbai - MPCB",,18.91,72.82,"[20137, 12235921, 12235922, 12235923, 19892, 14341960, 20139, 12235924, 12235925, 20142, 12235926, 20143, 12235927, 12235928, 20144, 12235929, 14341961, 14341962]","['co', 'co', 'no', 'no2', 'no2', 'nox', 'o3', 'o3', 'pm10', 'pm10', 'pm25', 'pm25', 'relativehumidity', 'so2', 'so2', 'temperature', 'wind_direction', 'wind_speed']",False,True,CPCB,Mumbai
6928,"Vasai West, Mumbai - MPCB",,19.3832,72.8204,"[12235818, 19896, 12235819, 12235820, 19893, 14340919, 12235821, 19895, 12235822, 19898, 12235823, 19894, 12235824, 12235825, 19897, 12235826, 14340920, 14340921]","['co', 'co', 'no', 'no2', 'no2', 'nox', 'o3', 'o3', 'pm10', 'pm10', 'pm25', 'pm25', 'relativehumidity', 'so2', 'so2', 'temperature', 'wind_direction', 'wind_speed']",False,True,CPCB,Mumbai
6929,"Major Dhyan Chand National Stadium, Delhi - DPCC",,28.611281,77.237738,"[19901, 12235042, 12235043, 12235044, 19902, 14340752, 12235045, 19903, 19904, 12235046, 12235047, 19900, 12235048, 12235049, 19899, 12235050, 14340753, 14340754]","['co', 'co', 'no', 'no2', 'no2', 'nox', 'o3', 'o3', 'pm10', 'pm10', 'pm25', 'pm25', 'relativehumidity', 'so2', 'so2', 'temperature', 'wind_direction', 'wind_speed']",False,True,CPCB,Delhi
6931,"Dwarka-Sector 8, Delhi - DPCC ",,28.5710274,77.0719006,"[12235015, 19957, 12235016, 12235017, 19956, 14340743, 19954, 12235018, 19906, 12235019, 20150, 12235020, 12235021, 20147, 12235022, 12235023, 14340744, 14340745]","['co', 'co', 'no', 'no2', 'no2', 'nox', 'o3', 'o3', 'pm10', 'pm10', 'pm25', 'pm25', 'relativehumidity', 'so2', 'so2', 'temperature', 'wind_direction', 'wind_speed']",False,True,CPCB,Delhi
6932,"Alipur, Delhi - DPCC",,28.815329,77.15301,"[19939, 12235693, 12235694, 12235695, 19948, 14340882, 12235696, 19950, 12235697, 19936, 19935, 12235698, 12235699, 12235700, 19912, 12235701, 14340883, 14340884]","['co', 'co', 'no', 'no2', 'no2', 'nox', 'o3', 'o3', 'pm10', 'pm10', 'pm25', 'pm25', 'relativehumidity', 'so2', 'so2', 'temperature', 'wind_direction', 'wind_speed']",False,True,CPCB,Delhi
6934,"Dr. Karni Singh Shooting Range, Delhi - DPCC",,28.498571,77.26484,"[12235006, 19925, 12235007, 12235008, 19930, 14340740, 19917, 12235009, 12235010, 19941, 12235011, 19919, 12235012, 12235013, 19943, 12235014, 14340741, 14340742]","['co', 'co', 'no', 'no2', 'no2', 'nox', 'o3', 'o3', 'pm10', 'pm10', 'pm25', 'pm25', 'relativehumidity', 'so2', 'so2', 'temperature', 'wind_direction', 'wind_speed']",False,True,CPCB,Delhi
6938,"Vivek Vihar, Delhi - DPCC",,28.672342,77.31526,"[12235128, 19926, 12235129, 12235130, 19929, 14340778, 19932, 12235131, 19933, 12235132, 19934, 12235133, 12235134, 12235135, 19938, 12235136, 14340779, 14340780]","['co', 'co', 'no', 'no2', 'no2', 'nox', 'o3', 'o3', 'pm10', 'pm10', 'pm25', 'pm25', 'relativehumidity', 'so2', 'so2', 'temperature', 'wind_direction', 'wind_speed']",False,True,CPCB,Delhi
6943,"Mahape, Navi Mumbai - MPCB",,19.1135051,73.008978,"[20128, 12235900, 12235901, 20069, 12235902, 14340937, 12235903, 19961, 20068, 12235904, 20046, 12235905, 12235906, 20023, 12235907, 12235908, 14341952, 14341953]","['co', 'co', 'no', 'no2', 'no2', 'nox', 'o3', 'o3', 'pm10', 'pm10', 'pm25', 'pm25', 'relativehumidity', 'so2', 'so2', 'temperature', 'wind_direction', 'wind_speed']",False,True,CPCB,Mumbai
6945,"Kurla, Mumbai - MPCB",,19.0863,72.8888,"[19993, 12235829, 12235830, 20076, 12235831, 14340922, 19968, 12235832, 12235833, 19975, 12235834, 19978, 12235835, 12289836, 19987, 12235836, 14340923, 14340924]","['co', 'co', 'no', 'no2', 'no2', 'nox', 'o3', 'o3', 'pm10', 'pm10', 'pm25', 'pm25', 'relativehumidity', 'so2', 'so2', 'temperature', 'wind_direction', 'wind_speed']",False,True,CPCB,Mumbai
6948,"Chhatrapati Shivaji Intl. Airport (T2), Mumbai - MPCB",,19.10078,72.87462,"[19976, 12235855, 12235856, 19977, 12235857, 14340928, 19979, 12235858, 19980, 12235859, 19981, 12235860, 12235861, 19982, 12235862, 12235863, 14340929, 14340930]","['co', 'co', 'no', 'no2', 'no2', 'nox', 'o3', 'o3', 'pm10', 'pm10', 'pm25', 'pm25', 'relativehumidity', 'so2', 'so2', 'temperature', 'wind_direction', 'wind_speed']",False,True,CPCB,Mumbai
6950,"Jadavpur, Kolkata - WBPCB",,22.49929,88.36917,"[19986, 12235882, 12235883, 12235884, 19988, 14341946, 19991, 12235885, 19994, 12235886, 19997, 12235887, 12235888, 12235889, 20002, 12235890, 14341947, 14341948]","['co', 'co', 'no', 'no2', 'no2', 'nox', 'o3', 'o3', 'pm10', 'pm10', 'pm25', 'pm25', 'relativehumidity', 'so2', 'so2', 'temperature', 'wind_direction', 'wind_speed']",False,True,CPCB,Kolkata
6956,"Powai, Mumbai - MPCB",,19.1375,72.915056,"[20125, 12235891, 12235892, 20083, 12235893, 14340934, 12235894, 20054, 20010, 12235895, 20079, 12235896, 12235897, 20101, 12235898, 12235899, 14340935, 14340936]","['co', 'co', 'no', 'no2', 'no2', 'nox', 'o3', 'o3', 'pm10', 'pm10', 'pm25', 'pm25', 'relativehumidity', 'so2', 'so2', 'temperature', 'wind_direction', 'wind_speed']",False,True,CPCB,Mumbai
6957,"Jawaharlal Nehru Stadium, Delhi - DPCC",,28.58028,77.233829,"[12235033, 20015, 12235034, 12235035, 20017, 14340749, 12235036, 20018, 20019, 12235037, 20020, 12235038, 12235039, 12235040, 20021, 12235041, 14340750, 14340751]","['co', 'co', 'no', 'no2', 'no2', 'nox', 'o3', 'o3', 'pm10', 'pm10', 'pm25', 'pm25', 'relativehumidity', 'so2', 'so2', 'temperature', 'wind_direction', 'wind_speed']",False,True,CPCB,Delhi
6959,"Siddharth Nagar-Worli, Mumbai - IITM",,19.000083,72.813993,"[20029, 12236430, 12236431, 12236432, 20030, 14342065, 12236433, 20031, 20032, 12236434, 12236435, 20033, 12236436, 20034, 12236437, 14342066, 14342067]","['co', 'co', 'no', 'no2', 'no2', 'nox', 'o3', 'o3', 'pm10', 'pm10', 'pm25', 'pm25', 'relativehumidity', 'so2', 'temperature', 'wind_direction', 'wind_speed']",False,True,CPCB,Mumbai
6960,"Patparganj, Delhi - DPCC",,28.623748,77.287205,"[12235096, 12235097, 20037, 12235098, 14340769, 12235099, 20039, 12235100, 20040, 12235101, 20049, 12235102, 20055, 12235103, 12235104, 14340770, 14340771]","['co', 'no', 'no2', 'no2', 'nox', 'o3', 'o3', 'pm10', 'pm10', 'pm25', 'pm25', 'relativehumidity', 'so2', 'so2', 'temperature', 'wind_direction', 'wind_speed']",False,True,CPCB,Delhi
6965,"Borivali East, Mumbai - MPCB",,19.227474,72.864394,"[12252653, 20075, 12252654, 12252655, 20081, 14341949, 20084, 12252656, 20085, 12252657, 12252658, 20087, 12252659, 20090, 12252660, 12252661, 14341950, 14341951]","['co', 'co', 'no', 'no2', 'no2', 'nox', 'o3', 'o3', 'pm10', 'pm10', 'pm25', 'pm25', 'relativehumidity', 'so2', 'so2', 'temperature', 'wind_direction', 'wind_speed']",False,True,CPCB,Mumbai
6967,"Sion, Mumbai - MPCB",,19.047,72.8746,"[20109, 12243925, 12243926, 12243927, 20107, 14340938, 20098, 12243928, 20097, 12243929, 12243930, 20096, 12243931, 12243932, 20095, 12243933, 14340939, 14340940]","['co', 'co', 'no', 'no2', 'no2', 'nox', 'o3', 'o3', 'pm10', 'pm10', 'pm25', 'pm25', 'relativehumidity', 'so2', 'so2', 'temperature', 'wind_direction', 'wind_speed']",False,True,CPCB,Mumbai
6973,"Jayanagar 5th Block, Bengaluru - KSPCB",,12.920984,77.584908,"[20173, 12235262, 12235263, 12235264, 20175, 14340802, 12235265, 20155, 20172, 12235266, 20162, 12235267, 12235268, 12235269, 20152, 12235270, 14340803, 14340804]","['co', 'co', 'no', 'no2', 'no2', 'nox', 'o3', 'o3', 'pm10', 'pm10', 'pm25', 'pm25', 'relativehumidity', 'so2', 'so2', 'temperature', 'wind_direction', 'wind_speed']",False,True,CPCB,Bengaluru
6974,"Bapuji Nagar, Bengaluru - KSPCB",,12.951913,77.539784,"[20153, 12235235, 12235236, 12235237, 20169, 14340793, 12235238, 20167, 12235239, 20166, 12235240, 20165, 12235241, 20164, 12235242, 12235243, 14340794, 14340795]","['co', 'co', 'no', 'no2', 'no2', 'nox', 'o3', 'o3', 'pm10', 'pm10', 'pm25', 'pm25', 'relativehumidity', 'so2', 'so2', 'temperature', 'wind_direction', 'wind_speed']",False,True,CPCB,Bengaluru
6975,"Silk Board, Bengaluru - KSPCB",,12.917348,77.622813,"[12235280, 20171, 12235281, 20154, 12235282, 14340805, 12235283, 20168, 12235284, 20161, 12235285, 20156, 12235286, 20176, 12235287, 12235288, 14340806, 14340807]","['co', 'co', 'no', 'no2', 'no2', 'nox', 'o3', 'o3', 'pm10', 'pm10', 'pm25', 'pm25', 'relativehumidity', 'so2', 'so2', 'temperature', 'wind_direction', 'wind_speed']",False,True,CPCB,Bengaluru
6981,"Fort William, Kolkata - WBPCB",,22.55664,88.342674,"[20228, 12235873, 12235874, 12235875, 20226, 14341943, 12235876, 20214, 20211, 12235877, 12235878, 20203, 12235879, 20190, 12235880, 12235881, 14341944, 14341945]","['co', 'co', 'no', 'no2', 'no2', 'nox', 'o3', 'o3', 'pm10', 'pm10', 'pm25', 'pm25', 'relativehumidity', 'so2', 'so2', 'temperature', 'wind_direction', 'wind_speed']",False,True,CPCB,Kolkata
6983,"Hombegowda Nagar, Bengaluru - KSPCB",,12.938539,77.5901,"[20195, 12235253, 12235254, 12235255, 20196, 14340799, 12235256, 20197, 12235257, 20198, 12235258, 20199, 12235259, 20200, 12235260, 12235261, 14340800, 14340801]","['co', 'co', 'no', 'no2', 'no2', 'nox', 'o3', 'o3', 'pm10', 'pm10', 'pm25', 'pm25', 'relativehumidity', 'so2', 'so2', 'temperature', 'wind_direction', 'wind_speed']",False,True,CPCB,Bengaluru
6984,"Hebbal, Bengaluru - KSPCB",,13.029152,77.585901,"[12235244, 20224, 12235245, 12235246, 20222, 14340796, 12235247, 20221, 12235248, 20213, 20212, 12235249, 12235250, 12235251, 20210, 12235252, 14340797, 14340798]","['co', 'co', 'no', 'no2', 'no2', 'nox', 'o3', 'o3', 'pm10', 'pm10', 'pm25', 'pm25', 'relativehumidity', 'so2', 'so2', 'temperature', 'wind_direction', 'wind_speed']",False,True,CPCB,Bengaluru
6987,"Vile Parle West, Mumbai - MPCB",,19.10861,72.83622,"[12235846, 20236, 12235847, 12235848, 20239, 14340925, 20240, 12235849, 20243, 12235850, 12235851, 20251, 12235852, 12235853, 20254, 12235854, 14340926, 14340927]","['co', 'co', 'no', 'no2', 'no2', 'nox', 'o3', 'o3', 'pm10', 'pm10', 'pm25', 'pm25', 'relativehumidity', 'so2', 'so2', 'temperature', 'wind_direction', 'wind_speed']",False,True,CPCB,Mumbai
7044,"R K Puram, Delhi - DPCC",,28.563262000000005,77.186937,"[20410, 20409, 20406, 20407, 20411, 20408]","['co', 'no2', 'o3', 'pm10', 'pm25', 'so2']",False,True,caaqm,Delhi
7140,"Gomti Nagar, Lucknow - UPPCB",,26.86812,81.005119,"[20574, 12235980, 12235981, 12235982, 36690, 14340953, 12235983, 36688, 1348528, 12235984, 36687, 12235985, 12235986, 36671, 12235987, 12235988, 14340954, 14340955]","['co', 'co', 'no', 'no2', 'no2', 'nox', 'o3', 'o3', 'pm10', 'pm10', 'pm25', 'pm25', 'relativehumidity', 'so2', 'so2', 'temperature', 'wind_direction', 'wind_speed']",False,True,CPCB,Lucknow
7434,"East Arjun Nagar, Delhi - CPCB",,28.655601699999995,77.2859318,"[21624, 21625, 21623]","['no2', 'o3', 'so2']",False,True,caaqm,Delhi
7495,"DRM Office Danapur, Patna - BSPCB",,25.586562,85.043586,"[21729, 12236186, 12236187, 12236188, 21730, 14342014, 12236189, 21731, 21732, 12236190, 12236191, 21733, 12236192, 21734, 12236193, 12236194, 14342015, 14342016]","['co', 'co', 'no', 'no2', 'no2', 'nox', 'o3', 'o3', 'pm10', 'pm10', 'pm25', 'pm25', 'relativehumidity', 'so2', 'so2', 'temperature', 'wind_direction', 'wind_speed']",False,True,CPCB,Patna
7850,"Bandra, Mumbai - MPCB",,19.0627,72.84614,"[36455, 36453, 36451, 22798, 36447, 36446]","['co', 'no2', 'o3', 'pm10', 'pm25', 'so2']",False,True,caaqm,Mumbai
8039,Mumbai,India,19.07283,72.88261,[23320],['pm25'],False,True,AirNow,Mumbai
8092,"East Arjun Nagar, Delhi - CPCB",,28.655935,77.294904,"[23669, 23465, 34750]","['no2', 'o3', 'so2']",False,True,caaqm,Delhi
8118,New Delhi,India,28.63576,77.22445,[23534],['pm25'],False,True,AirNow,Delhi
8172,US Diplomatic Post: Kolkata,Kolkata,22.56263,88.36304,[5077640],['pm25'],False,True,StateAir Kolkata,Kolkata
8235,"Jahangirpuri, Delhi - DPCC",,28.73282,77.170633,"[23993, 12235024, 12235025, 23994, 12235026, 14340746, 23995, 12235027, 23996, 12235028, 12235029, 23997, 12235030, 23998, 12235031, 12235032, 14340747, 14340748]","['co', 'co', 'no', 'no2', 'no2', 'nox', 'o3', 'o3', 'pm10', 'pm10', 'pm25', 'pm25', 'relativehumidity', 'so2', 'so2', 'temperature', 'wind_direction', 'wind_speed']",False,True,CPCB,Delhi
8239,"Okhla Phase-2, Delhi - DPCC",,28.530785,77.271255,"[12235069, 24010, 12235070, 24008, 12235071, 14340761, 12235072, 24012, 24011, 12235073, 24007, 12235074, 12235075, 24009, 12235076, 12235077, 14340762, 14340763]","['co', 'co', 'no', 'no2', 'no2', 'nox', 'o3', 'o3', 'pm10', 'pm10', 'pm25', 'pm25', 'relativehumidity', 'so2', 'so2', 'temperature', 'wind_direction', 'wind_speed']",False,True,CPCB,Delhi
8365,"Nehru Nagar, Delhi - DPCC",,28.56789,77.250515,"[12235078, 34799, 12235079, 24303, 12235080, 14340764, 35017, 12235081, 12235082, 35012, 12235083, 35010, 12235084, 35009, 12235085, 12235086, 14341775, 14340765]","['co', 'co', 'no', 'no2', 'no2', 'nox', 'o3', 'o3', 'pm10', 'pm10', 'pm25', 'pm25', 'relativehumidity', 'so2', 'so2', 'temperature', 'wind_direction', 'wind_speed']",False,True,CPCB,Delhi
8472,"Bawana, Delhi - DPCC",,28.7762,77.051074,"[36395, 12235289, 12235290, 36394, 12235291, 14340808, 36393, 12235292, 24602, 12235293, 12235294, 36391, 12235295, 12235296, 12235297, 14340809, 14340810]","['co', 'co', 'no', 'no2', 'no2', 'nox', 'o3', 'o3', 'pm10', 'pm10', 'pm25', 'pm25', 'relativehumidity', 'so2', 'temperature', 'wind_direction', 'wind_speed']",False,True,CPCB,Delhi
8475,"Sonia Vihar, Delhi - DPCC",,28.710508,77.249485,"[24615, 12235105, 12235106, 12235107, 35047, 14340772, 35048, 12235108, 35049, 12235109, 12235110, 35050, 12235111, 12235112, 35051, 12235113, 14341776, 14340773]","['co', 'co', 'no', 'no2', 'no2', 'nox', 'o3', 'o3', 'pm10', 'pm10', 'pm25', 'pm25', 'relativehumidity', 'so2', 'so2', 'temperature', 'wind_direction', 'wind_speed']",False,True,CPCB,Delhi
8558,Chennai,India,13.08784,80.278475,[5077812],['pm25'],False,True,AirNow,Chennai
8915,"Wazirpur, Delhi - DPCC",,28.699793,77.165453,"[34728, 12235119, 12235120, 34732, 12235121, 14340775, 12235122, 34730, 26026, 12235123, 34731, 12235124, 12235125, 34729, 12235126, 12235127, 14340776, 14340777]","['co', 'co', 'no', 'no2', 'no2', 'nox', 'o3', 'o3', 'pm10', 'pm10', 'pm25', 'pm25', 'relativehumidity', 'so2', 'so2', 'temperature', 'wind_direction', 'wind_speed']",False,True,CPCB,Delhi
8917,"Ashok Vihar, Delhi - DPCC",,28.695381,77.181665,"[34762, 12234997, 12234998, 34768, 12234999, 14340737, 12235000, 34782, 12235001, 34785, 12235002, 26032, 12235003, 34786, 12235004, 12235005, 14340738, 14340739]","['co', 'co', 'no', 'no2', 'no2', 'nox', 'o3', 'o3', 'pm10', 'pm10', 'pm25', 'pm25', 'relativehumidity', 'so2', 'so2', 'temperature', 'wind_direction', 'wind_speed']",False,True,CPCB,Delhi
10484,"Sri Aurobindo Marg, Delhi - DPCC",,28.531346,77.190156,"[12235307, 34761, 12235308, 34758, 12235309, 14340814, 34757, 12235310, 34781, 12235311, 12235312, 34772, 12235313, 12235314, 34759, 12235315, 14340815, 14340816]","['co', 'co', 'no', 'no2', 'no2', 'nox', 'o3', 'o3', 'pm10', 'pm10', 'pm25', 'pm25', 'relativehumidity', 'so2', 'so2', 'temperature', 'wind_direction', 'wind_speed']",False,True,CPCB,Delhi
10485,"Narela, Delhi - DPCC",,28.822836,77.101981,"[12235051, 34776, 12235052, 12235053, 34760, 14340755, 34792, 12235054, 12235055, 34791, 34790, 12235056, 12235057, 12235058, 34789, 12235059, 14340756, 14340757]","['co', 'co', 'no', 'no2', 'no2', 'nox', 'o3', 'o3', 'pm10', 'pm10', 'pm25', 'pm25', 'relativehumidity', 'so2', 'so2', 'temperature', 'wind_direction', 'wind_speed']",False,True,CPCB,Delhi
10486,"Mundka, Delhi - DPCC",,28.684678,77.076574,"[34763, 12235298, 12235299, 34764, 12235300, 14340811, 12235301, 34765, 34766, 12235302, 34767, 12235303, 12235304, 12235305, 34769, 12235306, 14340812, 14340813]","['co', 'co', 'no', 'no2', 'no2', 'nox', 'o3', 'o3', 'pm10', 'pm10', 'pm25', 'pm25', 'relativehumidity', 'so2', 'so2', 'temperature', 'wind_direction', 'wind_speed']",False,True,CPCB,Delhi
10487,"Anand Vihar, Delhi - DPCC",,28.646835,77.316032,"[34787, 34784, 34783, 34780, 34771, 34770]","['co', 'no2', 'o3', 'pm10', 'pm25', 'so2']",False,True,caaqm,Delhi
10488,"Najafgarh, Delhi - DPCC",,28.570173,76.933762,"[12235060, 34779, 12235061, 34778, 12235062, 14340758, 12235063, 34777, 12235064, 34775, 34774, 12235065, 12235066, 34773, 12235067, 12235068, 14340759, 14340760]","['co', 'co', 'no', 'no2', 'no2', 'nox', 'o3', 'o3', 'pm10', 'pm10', 'pm25', 'pm25', 'relativehumidity', 'so2', 'so2', 'temperature', 'wind_direction', 'wind_speed']",False,True,CPCB,Delhi
10489,"ITO, Delhi - CPCB",,28.628624,77.24106,"[34823, 34821, 34816, 34793, 35016, 35015]","['co', 'no2', 'o3', 'pm10', 'pm25', 'so2']",False,True,caaqm,Delhi
10599,"Rajbansi Nagar, Patna - BSPCB",,25.599486,85.113666,"[12236097, 35189, 12236098, 12236099, 35204, 14341984, 35223, 12236100, 12236101, 35349, 35373, 12236102, 12236103, 35386, 12236104, 12236105, 14341985, 14341986]","['co', 'co', 'no', 'no2', 'no2', 'nox', 'o3', 'o3', 'pm10', 'pm10', 'pm25', 'pm25', 'relativehumidity', 'so2', 'so2', 'temperature', 'wind_direction', 'wind_speed']",False,True,CPCB,Patna
10630,"Govt. High School Shikarpur, Patna - BSPCB",,25.592539,85.227158,"[12236177, 35360, 12236178, 35350, 12236179, 14342011, 12236180, 35348, 12236181, 35341, 12236182, 35337, 12236183, 12236184, 35336, 12236185, 14342012, 14342013]","['co', 'co', 'no', 'no2', 'no2', 'nox', 'o3', 'o3', 'pm10', 'pm10', 'pm25', 'pm25', 'relativehumidity', 'so2', 'so2', 'temperature', 'wind_direction', 'wind_speed']",False,True,CPCB,Patna
10633,"Victoria, Kolkata - WBPCB",,22.5448082,88.3403691,"[12235675, 35352, 12235676, 35353, 12235677, 14341881, 12235678, 35354, 35355, 12235679, 35356, 12235680, 12235681, 35447, 12235682, 12235683, 14341882, 14341883]","['co', 'co', 'no', 'no2', 'no2', 'nox', 'o3', 'o3', 'pm10', 'pm10', 'pm25', 'pm25', 'relativehumidity', 'so2', 'so2', 'temperature', 'wind_direction', 'wind_speed']",False,True,CPCB,Kolkata
10670,"Muradpur, Patna - BSPCB",,25.619651,85.147382,"[12236088, 35527, 12236089, 12236090, 35526, 14341981, 35519, 12236091, 12236092, 35517, 12236093, 35516, 12236094, 12236095, 35515, 12236096, 14341982, 14341983]","['co', 'co', 'no', 'no2', 'no2', 'nox', 'o3', 'o3', 'pm10', 'pm10', 'pm25', 'pm25', 'relativehumidity', 'so2', 'so2', 'temperature', 'wind_direction', 'wind_speed']",False,True,CPCB,Patna
10697,"Samanpura, Patna - BSPCB",,25.596727,85.085624,"[12236106, 35630, 12236107, 12236108, 35631, 14341987, 35632, 12236109, 35633, 12236110, 35635, 12236111, 12236112, 12236113, 35636, 12236114, 14341988, 14341989]","['co', 'co', 'no', 'no2', 'no2', 'nox', 'o3', 'o3', 'pm10', 'pm10', 'pm25', 'pm25', 'relativehumidity', 'so2', 'so2', 'temperature', 'wind_direction', 'wind_speed']",False,True,CPCB,Patna
10780,"Manali Village, Chennai - TNPCB",,13.1662,80.2584,"[36026, 12235791, 12235792, 12235793, 36023, 14340913, 36021, 12235794, 36019, 12235795, 12235796, 36018, 12235797, 12235798, 36017, 12235799, 14340914, 14340915]","['co', 'co', 'no', 'no2', 'no2', 'nox', 'o3', 'o3', 'pm10', 'pm10', 'pm25', 'pm25', 'relativehumidity', 'so2', 'so2', 'temperature', 'wind_direction', 'wind_speed']",False,True,CPCB,Chennai
10831,"Rohini, Delhi - DPCC",,28.732528,77.11992,"[36208, 12235087, 12235088, 36209, 12235089, 14340766, 12235090, 36213, 36382, 12235091, 12235092, 36399, 12235093, 36449, 12235094, 12235095, 14340767, 14340768]","['co', 'co', 'no', 'no2', 'no2', 'nox', 'o3', 'o3', 'pm10', 'pm10', 'pm25', 'pm25', 'relativehumidity', 'so2', 'so2', 'temperature', 'wind_direction', 'wind_speed']",False,True,CPCB,Delhi
10851,"Bidhannagar, Kolkata - WBPCB",,22.58157048,88.41002457,"[36321, 12235989, 12235990, 36320, 12235991, 14341972, 36319, 12235992, 12235993, 36318, 12235994, 36317, 12235995, 36316, 12235996, 12235997, 14341973, 14341974]","['co', 'co', 'no', 'no2', 'no2', 'nox', 'o3', 'o3', 'pm10', 'pm10', 'pm25', 'pm25', 'relativehumidity', 'so2', 'so2', 'temperature', 'wind_direction', 'wind_speed']",False,True,CPCB,Kolkata
10904,"Rabindra Sarobar, Kolkata - WBPCB",,22.51106,88.35142,"[12235962, 36549, 12235963, 36551, 12235964, 14341969, 36581, 12235965, 12235966, 36602, 36609, 12235967, 12235968, 12235969, 36651, 12235970, 14341970, 14341971]","['co', 'co', 'no', 'no2', 'no2', 'nox', 'o3', 'o3', 'pm10', 'pm10', 'pm25', 'pm25', 'relativehumidity', 'so2', 'so2', 'temperature', 'wind_direction', 'wind_speed']",False,True,CPCB,Kolkata
10918,"Ballygunge, Kolkata - WBPCB",,22.5367507,88.3638022,"[36652, 12236007, 12236008, 36648, 12236009, 14341975, 12236010, 36647, 36644, 12236011, 12236012, 36640, 12236013, 12236014, 36639, 12236015, 14341976, 14341977]","['co', 'co', 'no', 'no2', 'no2', 'nox', 'o3', 'o3', 'pm10', 'pm10', 'pm25', 'pm25', 'relativehumidity', 'so2', 'so2', 'temperature', 'wind_direction', 'wind_speed']",False,True,CPCB,Kolkata
11578,"Royapuram, Chennai - TNPCB",,13.1036,80.2909,"[12236294, 39325, 12236295, 39323, 12236296, 14340995, 12236297, 39389, 12236298, 39322, 39321, 12236299, 12236300, 12236301, 39324, 12236302, 14340996, 14340997]","['co', 'co', 'no', 'no2', 'no2', 'nox', 'o3', 'o3', 'pm10', 'pm10', 'pm25', 'pm25', 'relativehumidity', 'so2', 'so2', 'temperature', 'wind_direction', 'wind_speed']",False,True,CPCB,Chennai
11579,"Kodungaiyur, Chennai - TNPCB",,13.1278,80.2642,"[39330, 12236303, 12236304, 12236305, 39328, 14340998, 12236306, 39331, 12236307, 39327, 12236308, 39326, 12236309, 12236310, 39329, 12236311, 14340999, 14341000]","['co', 'co', 'no', 'no2', 'no2', 'nox', 'o3', 'o3', 'pm10', 'pm10', 'pm25', 'pm25', 'relativehumidity', 'so2', 'so2', 'temperature', 'wind_direction', 'wind_speed']",False,True,CPCB,Chennai
11581,"Arumbakkam, Chennai - TNPCB",,13.0664,80.2112,"[12236271, 12236272, 39337, 14340986, 39336, 12236273, 12236274, 39335, 12236275, 12236276, 39521, 12236277, 14340987, 14340988]","['no', 'no2', 'no2', 'nox', 'pm10', 'pm10', 'pm25', 'pm25', 'relativehumidity', 'so2', 'so2', 'temperature', 'wind_direction', 'wind_speed']",False,True,CPCB,Chennai
11602,"Bandra Kurla Complex, Mumbai - IITM",,19.053536000000005,72.84643,"[39408, 39406, 39409, 39405, 39404, 39407]","['co', 'no2', 'o3', 'pm10', 'pm25', 'so2']",False,True,caaqm,Mumbai
11603,"Chandni Chowk, Delhi - IITM",,28.656756,77.227234,"[39414, 12236356, 12236357, 39412, 12236358, 14342050, 12236359, 39415, 39411, 12236360, 39410, 12236361, 12236362, 12236363, 39413, 12236364, 14342051, 14342052]","['co', 'co', 'no', 'no2', 'no2', 'nox', 'o3', 'o3', 'pm10', 'pm10', 'pm25', 'pm25', 'relativehumidity', 'so2', 'so2', 'temperature', 'wind_direction', 'wind_speed']",False,True,CPCB,Delhi
11604,"Deonar, Mumbai - IITM",,19.04946,72.923,"[39420, 39418, 39421, 39417, 39416, 39419]","['co', 'no2', 'o3', 'pm10', 'pm25', 'so2']",False,True,caaqm,Mumbai
11606,"Borivali East, Mumbai - IITM",,19.23241,72.86895,"[39431, 12236413, 12236414, 12236415, 39430, 14341020, 12236416, 39432, 39429, 12236417, 12236418, 39428, 12236419, 12236420, 14342059, 14342060]","['co', 'co', 'no', 'no2', 'no2', 'nox', 'o3', 'o3', 'pm10', 'pm10', 'pm25', 'pm25', 'relativehumidity', 'temperature', 'wind_direction', 'wind_speed']",False,True,CPCB,Mumbai
11607,"Lodhi Road, Delhi - IITM",,28.588333,77.221667,"[39437, 12236374, 39435, 39438, 12236375, 39434, 39433, 12236376, 12236377, 12236378, 39436, 12236379, 14342054, 14342055]","['co', 'no2', 'no2', 'o3', 'pm10', 'pm10', 'pm25', 'pm25', 'relativehumidity', 'so2', 'so2', 'temperature', 'wind_direction', 'wind_speed']",False,True,CPCB,Delhi
11611,"Malad West, Mumbai - IITM",,19.19709,72.82204,"[12236421, 39458, 12236422, 39456, 12236423, 14341021, 39459, 12236424, 12236425, 39455, 12236426, 39454, 12236427, 12236428, 39457, 12236429, 14342063, 14342064]","['co', 'co', 'no', 'no2', 'no2', 'nox', 'o3', 'o3', 'pm10', 'pm10', 'pm25', 'pm25', 'relativehumidity', 'so2', 'so2', 'temperature', 'wind_direction', 'wind_speed']",False,True,CPCB,Mumbai
11612,"Sector-19A Nerul, Navi Mumbai - IITM",,19.044,73.03250000000001,"[39464, 39462, 39465, 39461, 39460, 39463]","['co', 'no2', 'o3', 'pm10', 'pm25', 'so2']",False,True,caaqm,Mumbai
12024,"Chakala-Andheri East, Mumbai - IITM",,19.11074,72.86084,"[40569, 12236406, 12236407, 40574, 12236408, 14341017, 12236409, 40570, 12442195, 40572, 12442196, 40571, 12236410, 12236411, 40573, 12236412, 14341018, 14341019]","['co', 'co', 'no', 'no2', 'no2', 'nox', 'o3', 'o3', 'pm10', 'pm10', 'pm25', 'pm25', 'relativehumidity', 'so2', 'so2', 'temperature', 'wind_direction', 'wind_speed']",False,True,CPCB,Mumbai
12039,"Khindipada-Bhandup West, Mumbai - IITM",,19.164394,72.928297,"[40636, 12236389, 12236390, 12236391, 40639, 14342056, 40634, 12236392, 12236393, 40615, 40608, 12236394, 12236395, 12236396, 40617, 12236397, 14342057, 14342058]","['co', 'co', 'no', 'no2', 'no2', 'nox', 'o3', 'o3', 'pm10', 'pm10', 'pm25', 'pm25', 'relativehumidity', 'so2', 'so2', 'temperature', 'wind_direction', 'wind_speed']",False,True,CPCB,Mumbai
12040,"Mulund West, Mumbai - MPCB",,19.175,72.9419,"[40609, 12236476, 12236477, 12236478, 40612, 14342082, 40644, 12236479, 40628, 12236480, 40641, 12236481, 12236482, 40640, 12236483, 12236484, 14342083, 14342084]","['co', 'co', 'no', 'no2', 'no2', 'nox', 'o3', 'o3', 'pm10', 'pm10', 'pm25', 'pm25', 'relativehumidity', 'so2', 'so2', 'temperature', 'wind_direction', 'wind_speed']",False,True,CPCB,Mumbai
12044,"Kandivali East, Mumbai - MPCB",,19.2058,72.8682,"[12236467, 40616, 12236468, 12236469, 40624, 14341025, 12236470, 40627, 40652, 12236471, 12236472, 40650, 12236473, 40620, 12236474, 12236475, 14342080, 14342081]","['co', 'co', 'no', 'no2', 'no2', 'nox', 'o3', 'o3', 'pm10', 'pm10', 'pm25', 'pm25', 'relativehumidity', 'so2', 'so2', 'temperature', 'wind_direction', 'wind_speed']",False,True,CPCB,Mumbai
12046,"Perungudi, Chennai - TNPCB",,12.9533,80.2357,"[12236285, 12236286, 12236287, 14340992, 12236288, 12236289, 12236290, 12236291, 12236292, 12236293, 14340993, 14340994]","['co', 'no', 'no2', 'nox', 'o3', 'pm10', 'pm25', 'relativehumidity', 'so2', 'temperature', 'wind_direction', 'wind_speed']",False,True,CPCB,Chennai
60661,"Siddharth Nagar-Worli, Mumbai - IITM",,19.000083,72.813993,"[389760, 389767, 389777, 389771, 389761]","['co', 'no2', 'o3', 'pm10', 'pm25']",False,True,caaqm,Mumbai
227386,"B R Ambedkar University, Lucknow - UPPCB",,26.766433000000003,80.927299,"[1311821, 12236616, 12236617, 12236618, 1311816, 14341047, 1311814, 12236619, 1311815, 12236620, 1311823, 12236621, 12236622, 12236623, 1311828, 12236624, 14341048, 14341049]","['co', 'co', 'no', 'no2', 'no2', 'nox', 'o3', 'o3', 'pm10', 'pm10', 'pm25', 'pm25', 'relativehumidity', 'so2', 'so2', 'temperature', 'wind_direction', 'wind_speed']",False,True,CPCB,Lucknow
229404,"Kukrail Picnic Spot-1, Lucknow - UPPCB",,26.90723,80.98579000000001,"[1321500, 12236625, 12236626, 1321497, 12236627, 14342137, 1321499, 12236628, 12236629, 1321496, 1321498, 12236630, 12236631, 12236632, 1321495, 12236633, 14342138, 14342139]","['co', 'co', 'no', 'no2', 'no2', 'nox', 'o3', 'o3', 'pm10', 'pm10', 'pm25', 'pm25', 'relativehumidity', 'so2', 'so2', 'temperature', 'wind_direction', 'wind_speed']",False,True,CPCB,Lucknow
3409312,"BWSSB Kadabesanahalli, Bengaluru - CPCB",,12.9352049,77.6814488,"[14406990, 14406991, 14406992, 14406993, 14406994, 14411592, 14406995, 14753588, 14406996, 14406997, 14753589, 14753590]","['co', 'no', 'no2', 'nox', 'o3', 'pm10', 'pm25', 'relativehumidity', 'so2', 'temperature', 'wind_direction', 'wind_speed']",False,True,CPCB,Bengaluru
3409318,"Central School, Lucknow - CPCB",,26.8821003,80.9302753,"[12235473, 12235474, 12235475, 14341837, 12235476, 12235477, 12235478, 12235479, 12235480, 12235481, 14341838, 14341839]","['co', 'no', 'no2', 'nox', 'o3', 'pm10', 'pm25', 'relativehumidity', 'so2', 'temperature', 'wind_direction', 'wind_speed']",False,True,CPCB,Lucknow
3409319,"Alandur Bus Depot, Chennai - CPCB",,12.9099161,80.1076538,"[12235544, 12235545, 12235546, 14341857, 12235547, 12235548, 12235549, 14484666, 12235550, 14018152, 14341858, 14341859]","['co', 'no', 'no2', 'nox', 'o3', 'pm10', 'pm25', 'relativehumidity', 'so2', 'temperature', 'wind_direction', 'wind_speed']",False,True,CPCB,Chennai
3409320,"Rabindra Bharati University, Kolkata - WBPCB",,22.627875,88.3804,"[12235560, 12235561, 12235562, 14341860, 12235563, 12235564, 12235565, 12235566, 12235567, 12235568, 14341861, 14341862]","['co', 'no', 'no2', 'nox', 'o3', 'pm10', 'pm25', 'relativehumidity', 'so2', 'temperature', 'wind_direction', 'wind_speed']",False,True,CPCB,Kolkata
3409323,"Worli, Mumbai - MPCB",,18.9936162,72.8128113,"[12235909, 12235910, 12235911, 14341954, 12235912, 12235913, 12235914, 12235915, 12235916, 12235917, 14341955, 14341956]","['co', 'no', 'no2', 'nox', 'o3', 'pm10', 'pm25', 'relativehumidity', 'so2', 'temperature', 'wind_direction', 'wind_speed']",False,True,CPCB,Mumbai
3409328,"Bandra Kurla Complex, Mumbai - IITM",,19.0627,72.84614,"[12708241, 12708242, 12708243, 14342047, 12708244, 12708245, 12708246, 12708247, 12708248, 12708249, 14342048, 14342049]","['co', 'no', 'no2', 'nox', 'o3', 'pm10', 'pm25', 'relativehumidity', 'so2', 'temperature', 'wind_direction', 'wind_speed']",False,True,CPCB,Mumbai
3409329,"Deonar, Mumbai - IITM",,19.04946,72.923,"[12236380, 12236381, 12236382, 14341011, 12236383, 12236384, 12236385, 12236386, 12236387, 12236388, 14341012, 14341013]","['co', 'no', 'no2', 'nox', 'o3', 'pm10', 'pm25', 'relativehumidity', 'so2', 'temperature', 'wind_direction', 'wind_speed']",False,True,CPCB,Mumbai
3409330,"Sector-19A Nerul, Navi Mumbai - IITM",,19.044,73.0325,"[14230325, 14230326, 14342061, 14230327, 14230328, 14230329, 14342062]","['no', 'no2', 'nox', 'pm10', 'relativehumidity', 'temperature', 'wind_direction']",False,True,CPCB,Mumbai
3409385,"RVCE-Mailasandra, Bengaluru - KSPCB",,12.921418,77.502466,"[12237568, 12237569, 12237570, 14341340, 12237571, 12237572, 12237573, 12237574, 12237575, 12237576, 14341341, 14341342]","['co', 'no', 'no2', 'nox', 'o3', 'pm10', 'pm25', 'relativehumidity', 'so2', 'temperature', 'wind_direction', 'wind_speed']",False,True,CPCB,Bengaluru
3409388,"Kasturi Nagar, Bengaluru - KSPCB",,13.003872,77.664217,"[12237595, 12237596, 12237597, 14341349, 12237598, 12237599, 12237600, 12237601, 12237602, 12237603, 14341350, 14341351]","['co', 'no', 'no2', 'nox', 'o3', 'pm10', 'pm25', 'relativehumidity', 'so2', 'temperature', 'wind_direction', 'wind_speed']",False,True,CPCB,Bengaluru
3409393,"Shivapura_Peenya, Bengaluru - KSPCB",,13.0246342,77.5080115,"[12237640, 12237641, 12237642, 14341355, 12237643, 12237644, 12237645, 12237646, 12237647, 12237648, 14341356, 14341357]","['co', 'no', 'no2', 'nox', 'o3', 'pm10', 'pm25', 'relativehumidity', 'so2', 'temperature', 'wind_direction', 'wind_speed']",False,True,CPCB,Bengaluru
3409434,"Jigani, Bengaluru - KSPCB",,12.7816279,77.6299145,"[12243003, 12243004, 12243005, 14342235, 12243006, 12243007, 12243008, 12243009, 12243010, 12243011, 14342236, 14342237]","['co', 'no', 'no2', 'nox', 'o3', 'pm10', 'pm25', 'relativehumidity', 'so2', 'temperature', 'wind_direction', 'wind_speed']",False,True,CPCB,Bengaluru
3409471,"Sector-2E Kalamboli, Navi Mumbai - MPCB",,19.02579,73.10297,"[12238271, 12238272, 12238273, 14341543, 12238274, 12238275, 12238276, 12238277, 12238278, 12238279, 14341544, 14341545]","['co', 'no', 'no2', 'nox', 'o3', 'pm10', 'pm25', 'relativehumidity', 'so2', 'temperature', 'wind_direction', 'wind_speed']",False,True,CPCB,Mumbai
3409475,"Tondare-Taloja, Navi Mumbai - MPCB",,19.063,73.1209,"[12238307, 12238308, 12238309, 14341552, 12238310, 12238311, 12238312, 12238313, 12238314, 12238315, 14341553, 14341554]","['co', 'no', 'no2', 'nox', 'o3', 'pm10', 'pm25', 'relativehumidity', 'so2', 'temperature', 'wind_direction', 'wind_speed']",False,True,CPCB,Mumbai
3409477,"Kopripada-Vashi, Navi Mumbai - MPCB",,19.090337,73.014232,"[12238325, 12238326, 12238327, 14341558, 12238328, 12238329, 12238330, 12238331, 12238332, 12238333, 14341559, 14341560]","['co', 'no', 'no2', 'nox', 'o3', 'pm10', 'pm25', 'relativehumidity', 'so2', 'temperature', 'wind_direction', 'wind_speed']",False,True,CPCB,Mumbai
3409479,"Mindspace-Malad West, Mumbai - MPCB",,19.1878657,72.8304069,"[12238343, 12238344, 12238345, 14341564, 12238346, 12238347, 12238348, 12238349, 12238350, 12238351, 14341565, 14341566]","['co', 'no', 'no2', 'nox', 'o3', 'pm10', 'pm25', 'relativehumidity', 'so2', 'temperature', 'wind_direction', 'wind_speed']",False,True,CPCB,Mumbai
3409482,"Bandra Kurla Complex, Mumbai - MPCB",,19.065931,72.862131,"[12238370, 12238371, 12238372, 14341573, 12238373, 12238374, 12238375, 12238376, 12238377, 12238378, 14341574, 14341575]","['co', 'no', 'no2', 'nox', 'o3', 'pm10', 'pm25', 'relativehumidity', 'so2', 'temperature', 'wind_direction', 'wind_speed']",False,True,CPCB,Mumbai
3409483,"Chembur, Mumbai - MPCB",,19.0364585,72.8954371,"[12238379, 12238380, 12238381, 14341576, 12238382, 12238383, 12238384, 12238385, 12238386, 12238387, 14341577, 14341578]","['co', 'no', 'no2', 'nox', 'o3', 'pm10', 'pm25', 'relativehumidity', 'so2', 'temperature', 'wind_direction', 'wind_speed']",False,True,CPCB,Mumbai
3409486,"Kherwadi_Bandra East, Mumbai - MPCB",,19.0632143,72.8456324,"[12238406, 12238407, 12238408, 14341585, 12238409, 12238410, 12238411, 12238412, 12238413, 12238414, 14341586, 14341587]","['co', 'no', 'no2', 'nox', 'o3', 'pm10', 'pm25', 'relativehumidity', 'so2', 'temperature', 'wind_direction', 'wind_speed']",False,True,CPCB,Mumbai
3409487,"Sanpada, Navi Mumbai - MPCB",,19.0575752,73.0151367,"[12243944, 12243945, 12243946, 14341588, 12243947, 12243948, 12243949, 12243950, 12243951, 12243952, 14341589, 14341590]","['co', 'no', 'no2', 'nox', 'o3', 'pm10', 'pm25', 'relativehumidity', 'so2', 'temperature', 'wind_direction', 'wind_speed']",False,True,CPCB,Mumbai
3409496,"New Moti Bagh, Delhi - MHUA",,28.57834,77.184,"[15646331, 15646332, 15646333, 15646334, 15646335, 15646336, 15646337, 15646338, 15646339]","['co', 'no', 'no2', 'nox', 'pm25', 'relativehumidity', 'temperature', 'wind_direction', 'wind_speed']",False,True,CPCB,Delhi
3409510,"Byculla, Mumbai - BMC",,18.9767,72.838,"[12238562, 12238563, 12238564, 14341639, 12238565, 12238566, 12238567, 12238568, 12238569, 12238570, 14341640, 14341641]","['co', 'no', 'no2', 'nox', 'o3', 'pm10', 'pm25', 'relativehumidity', 'so2', 'temperature', 'wind_direction', 'wind_speed']",False,True,CPCB,Mumbai
3409511,"Shivaji Nagar, Mumbai - BMC",,19.060498,72.923356,"[12238571, 12238572, 12238573, 14341642, 12238574, 12238575, 12238576, 12238577, 12238578, 12238579, 14341643, 14341644]","['co', 'no', 'no2', 'nox', 'o3', 'pm10', 'pm25', 'relativehumidity', 'so2', 'temperature', 'wind_direction', 'wind_speed']",False,True,CPCB,Mumbai
3409512,"Kandivali West, Mumbai - BMC",,19.215859,72.831718,"[12238580, 12238581, 12238582, 14342261, 12238583, 12238584, 12238585, 12238586, 12238587, 12238588, 14342262, 14342263]","['co', 'no', 'no2', 'nox', 'o3', 'pm10', 'pm25', 'relativehumidity', 'so2', 'temperature', 'wind_direction', 'wind_speed']",False,True,CPCB,Mumbai
3409513,"Sewri, Mumbai - BMC",,19.000084,72.85673,"[12238589, 12238590, 12238591, 14342264, 12238592, 12238593, 12238594, 12238595, 12238596, 12238597, 14342265, 14342266]","['co', 'no', 'no2', 'nox', 'o3', 'pm10', 'pm25', 'relativehumidity', 'so2', 'temperature', 'wind_direction', 'wind_speed']",False,True,CPCB,Mumbai
3409514,"Ghatkopar, Mumbai - BMC",,19.083694,72.920967,"[12238598, 12238599, 12238600, 14341645, 12238601, 12238602, 12238603, 12238604, 12238605, 12238606, 14341646, 14341647]","['co', 'no', 'no2', 'nox', 'o3', 'pm10', 'pm25', 'relativehumidity', 'so2', 'temperature', 'wind_direction', 'wind_speed']",False,True,CPCB,Mumbai
6148686,"IIT Delhi, Delhi - IITM",,28.54246,77.191651,"[14769468, 14769469, 14769470, 14769471, 14769472, 14769473, 14769474]","['co', 'no', 'no2', 'nox', 'o3', 'pm10', 'pm25']",False,False,,Delhi
6254594,"Talkatora Garden, Delhi - DPCC",,28.62181,77.1944633,"[15554202, 15554203, 15554204, 15554205, 15554206, 15554207, 15554208, 15554209, 15554210, 15554211, 15554212, 15554213]","['co', 'no', 'no2', 'nox', 'o3', 'pm10', 'pm25', 'relativehumidity', 'so2', 'temperature', 'wind_direction', 'wind_speed']",False,False,,Delhi
6254663,"JNU, Delhi - DPCC",,28.540721,77.168544,"[15554698, 15554699, 15554700, 15554701, 15554702, 15554703, 15554704, 15554705, 15554706, 15554707, 15554708, 15554709]","['co', 'no', 'no2', 'nox', 'o3', 'pm10', 'pm25', 'relativehumidity', 'so2', 'temperature', 'wind_direction', 'wind_speed']",False,False,,Delhi
6254664,"NSUT Jaffarpur, Delhi - DPCC",,28.594004,76.909423,"[15554710, 15554711, 15554712, 15554713, 15554714, 15554715, 15554716, 15554717, 15554718, 15554719, 15554720, 15554721]","['co', 'no', 'no2', 'nox', 'o3', 'pm10', 'pm25', 'relativehumidity', 'so2', 'temperature', 'wind_direction', 'wind_speed']",False,False,,Delhi
6254665,"Commonwealth Sports Complex, Delhi - DPCC",,28.615828,77.271992,"[15554722, 15554723, 15554724, 15554725, 15554726, 15554727, 15554728, 15554729, 15554730, 15554731, 15554732, 15554733]","['co', 'no', 'no2', 'nox', 'o3', 'pm10', 'pm25', 'relativehumidity', 'so2', 'temperature', 'wind_direction', 'wind_speed']",False,False,,Delhi
6254666,"IGNOU_Maidan Garhi, Delhi - DPCC",,28.493624,77.201159,"[15554734, 15554735, 15554736, 15554737, 15554738, 15554739, 15554740, 15554741, 15554742, 15554743, 15554744, 15554745]","['co', 'no', 'no2', 'nox', 'o3', 'pm10', 'pm25', 'relativehumidity', 'so2', 'temperature', 'wind_direction', 'wind_speed']",False,False,,Delhi
6257818,"Cantonment Area, Delhi - DPCC",,28.594169,77.1251,"[15578285, 15578286, 15578287, 15578288, 15578289, 15578290, 15578291, 15578292, 15578293, 15578294, 15578295, 15578296]","['co', 'no', 'no2', 'nox', 'o3', 'pm10', 'pm25', 'relativehumidity', 'so2', 'temperature', 'wind_direction', 'wind_speed']",False,False,,Delhi
6267807,"Srinivas Nagar Colony, Machilipatnam - APPCB",,16.186555,81.13219,"[15653086, 15653087, 15653088, 15653089, 15653090, 15653091, 15653092, 15653093, 15653094, 15653095, 15653096, 15653097]","['co', 'no', 'no2', 'nox', 'o3', 'pm10', 'pm25', 'relativehumidity', 'so2', 'temperature', 'wind_direction', 'wind_speed']",False,False,,Patna
